author,type
Yes on 55,Organization
One Wisconsin Now,Organization
Richard August,Journalist
Stop Gillnetting Now,Organization
Lee May,Democrat
Glenn Beck,Person
Better Austin Today Political Action Committee,Organization
H. Marlene O'Toole,Republican
Michael M. Crow,Person
New Democratic Party,Organization
Hank Gilbert,Democrat
Barack Obama,Democrat
Donald Trump,Republican
Sarah Eckhardt,Democrat
Sean Hannity,Person
Kathy Castor,Democrat
Hillary Clinton,Democrat
Jennifer Shilling,Democrat
Rush Limbaugh,Person
Richard Tomlins,Democrat
Scott Walker,Republican
Jeff DeWit,Republican
John McCain,Republican
Dan Patrick,Republican
Dale Kooyenga,Republican
League of Conservation Voters,Organization
Jeb Bush,Republican
Lloyd Doggett,Democrat
"Ron Castorina, Jr.",Republican
Michael Morell,Political
Loretta Weinberg,Democrat
Terry McAuliffe,Democrat
Tammy Baldwin,Democrat
Alberta Darling,Republican
Jason Isaac,Republican
Shirley Turner,Democrat
Republican Party of Wisconsin,Republican
Oregon Department of Fish and Wildlife,Organization
Ron Johnson,Republican
John Kasich,Republican
Todd Staples,Republican
Russ Feingold,Democrat
James Bennett,Journalist
Rick Boucher,Democrat
Rick Scott,Republican
Nina Turner,Democrat
Allan Fung,Republican
Allen West,Republican
Patrick Murphy,Democrat
Loranne Ausley,Democrat
Newt Gingrich,Republican
Byron Brown,Democrat
Bob McDonnell,Republican
Mitt Romney,Republican
Branko Radulovacki,Democrat
Stacey Abrams,Democrat
Chris Christie,Republican
Andrew Cuomo,Democrat
Tdtalliance.com,Organization
Farouk Shami,Democrat
Priorities USA Action,Organization
George Allen,Republican
Elizabeth Dennigan,Democrat
Steven Schale,Democrat
Joe Biden,Democrat
David Cicilline,Democrat
Will Herring,Person
Dennis Richardson,Republican
Rick Perry,Republican
Tom Craddick,Republican
Freedom Partners Action Fund,Organization
Adam Hasner,Republican
Dan Flynn,Republican
Jason Smith,Republican
Ron Paul,Republican
Dave Brat,Republican
Colleen Kiernan,Political
Lupe Valdez,Democrat
Tina Smith,Democrat
Dannel Malloy,Democrat
Charlie Crist,Democrat
Bob Stacey,Democrat
Kevin de León,Democrat
Tommy Thompson,Republican
Israel O'Quinn,Republican
Barry Hinckley,Republican
David Jolly,Republican
Mitch Daniels,Republican
Democratic National Committee,Organization
Ivanka Trump,Political
Mary Burke,Democrat
Bill O'Reilly,Political
Ed Gillespie,Republican
Bernie Sanders,Political
Wisconsin Contractor Coalition,Organization
Stephen Sweeney,Democrat
Jeff Kruse,Republican
John Skvarla,Republican
Republican Jewish Coalition,Republican
Leah Vukmir,Republican
Eric Cantor,Republican
Leticia Van de Putte,Democrat
Wendy Davis,Democrat
Republican Governors Association,Republican
Vincent Barrella,Political
Caleb Rowden,Republican
Rick Santorum,Republican
Ohio Federation of Teachers,Organization
Democratic Congressional Campaign Committee,Organization
Mario Diaz-Balart,Republican
Tom Daschle,Democrat
Ted Strickland,Democrat
Carl Heastie,Democrat
Sierra Club,Organization
Mike Stenhouse,Journalist
Senate Majority PAC,Democrat
Greg Abbott,Republican
Ernest Moniz,Democrat
Patrick Lynch,Democrat
New Boston Republican Committee,Republican
Marco Rubio,Republican
Sherrod Brown,Democrat
Paul Ryan,Republican
Facebook posts,Organization
Jim Patterson,Republican
David Frum,Republican
Joe Scarborough,Republican
Florida Department of Corrections worker,Organization
David Watts,Republican
Karen Handel,Republican
Debbie Wasserman Schultz,Democrat
Alison Lundergan Grimes,Democrat
Democratic Party of Wisconsin,Organization
Federation for American Immigration Reform,Organization
Sarah Palin,Republican
Chip Rogers,Republican
Cokie Roberts,Journalist
Christine Whitman,Republican
Roy Blunt,Republican
AFL-CIO,Organization
Michele Bachmann,Republican
Jim Whelan,Democrat
Paul Vallas,Democrat
Chet Edwards,Democrat
Rachel Maddow,Person
Ritch Workman,Republican
Kevin McCarthy,Republican
Chris Sununu,Republican
Jackie Dingfelder,Democrat
Bill Hammond,Republican
John Kerry,Democrat
Moms Demand Action for Gun Sense In America,Organization
James Inhofe,Republican
Paula Dockery,Republican
Richard Corcoran,Republican
Donna Shalala,Democrat
Mark Kirk,Republican
Ward Armstrong,Democrat
Michael Doherty,Person
Tom Cotton,Republican
Wisconsin Humane Society,Organization
Wayne Powell,Democrat
Linda Chavez-Thompson,Democrat
Jill Stein,Political
Rudy Giuliani,Republican
Herman Cain,Republican
VoteVets.org,Organization
Carole Smith,Person
Matt Mackowiak,Republican
Jim Renacci,Republican
Parker Briden,Republican
David Dewhurst,Republican
Michael Mule',Republican
Nathan Deal,Democrat
Sheldon Whitehouse,Democrat
Chris Thomas,Republican
Richard Saslaw,Democrat
Marjorie Sanfilippo,Person
Ronan Farrow,Person
Bob Wirch,Democrat
Michael McCaul,Republican
Nancy Pelosi,Democrat
EMILY's List,Organization
Ben Carson,Person
Sheila Oliver,Democrat
Organizing for America,Organization
Dennis Kucinich,Democrat
Nikki Haley,Republican
Don Pridemore,Republican
John Boehner,Republican
Stephen Archambault,Democrat
Ed Garvey,Democrat
Michael Bloomberg,Democrat
Dave Aronberg,Democrat
Elizabeth Roberts,Democrat
Alex Sink,Democrat
Tom Tancredo,Republican
Jon Ossoff,Democrat
Don Blankenship,Person
Doreen Costa,Republican
Progressive Change Campaign Committee,Organization
Dana Wachs,Democrat
Angel Taveras,Democrat
Eric Swalwell,Democrat
Phil Berger,Republican
Gina Raimondo,Democrat
Rand Paul,Republican
Ohio Department of Transportation,Organization
Ken Cuccinelli,Republican
Ohio Democratic Party,Democrat
Scott Peters,Democrat
Steve Goreham,Person
George LeMieux,Republican
Bill White,Democrat
Greater Wisconsin Committee,Organization
Charles Rangel,Democrat
Herb Conaway Jr.,Democrat
Ted Cruz,Republican
John DePetro,Journalist
George Will,Journalist
Jesse Jackson,Democrat
Tim Echols,Republican
Dianne Feinstein,Democrat
Jeff Atwater,Republican
Keith Faber,Republican
Dolores Gresham,Republican
Mike Thompson,Democrat
Truth in Accounting,Organization
Raymond LaHood,Republican
Club for Growth,Organization
Tim Kaine,Democrat
Roberto DaSilva,Democrat
Cynthia Nixon,Democrat
Peter Kilmartin,Democrat
Fred Clark,Democrat
Cory Gardner,Republican
Lamar Alexander,Republican
Maggie Hassan,Democrat
Elizabeth Ames Jones,Republican
Donna Howard,Democrat
Mahlon Mitchell,Democrat
Mitch McConnell,Republican
Marcy Kaptur,Democrat
Charles Bass,Republican
Thomas Brown,Democrat
Florida Democratic Party,Democrat
The David Perdue Files,Republican
David Quiroa,Journalist
Rob Portman,Republican
Jeff Bridges,Person
Republican Party of Virginia,Republican
Diane Allen,Republican
Allen Alley,Republican
Tom Kean,Republican
Michael Denbrow,Democrat
Edwin Pacheco,Democrat
Campaign Money Watch,Organization
Paul Krugman,Person
Duncan Hunter,Republican
Crossroads GPS,Organization
Karl Racine,Democrat
Robert Reich,Democrat
Michael J. Gardiner,Republican
Dick Cheney,Republican
Antonio Villaraigosa,Democrat
Harry Reid,Democrat
Bruce Rauner,Republican
Thomas Ratliff,Republican
Elizabeth Warren,Democrat
Morgan Griffith,Republican
Chris Matthews,Democrat
Jim Spencer,Person
Casey Cagle,Republican
Tim James,Republican
Sonny Perdue,Person
John Fleming,Republican
George Voinovich,Republican
E. Gordon Gee,Person
Charlie Smith,Democrat
Sandra Cunningham,Democrat
Debbie Mayfield,Republican
Sanford Bishop,Democrat
Lawrence O'Donnell,Person
Dana Perino,Republican
Alan Grayson,Democrat
Kirsten Gillibrand,Democrat
Lee Fisher,Democrat
Ginny Brown-Waite,Republican
John Garamendi,Democrat
TriMet,Organization
Chuck Norris,Republican
NARAL Pro-Choice Virginia,Organization
Texas State Employees Union,Organization
Don Zimmerman,Republican
Ellyn Bogdanoff,Republican
Bill Galvano,Republican
Gary Lambert,Republican
Jeff Sessions,Republican
Gerry Connolly,Democrat
Martin O'Malley,Democrat
Steven Rattner,Democrat
Jason Chaffetz,Republican
Anthony Rendon,Democrat
Lincoln Chafee,Democrat
Committee to Protect Florida,Organization
Talmadge Heflin,Republican
Environmental Defense Fund Action,Organization
American Future Fund,Organization
David Simpson,Republican
Pat Toomey,Republican
Frank Guinta,Republican
Josh Mandel,Republican
Democratic Senatorial Campaign Committee,Organization
Joseph Testa,Republican
National Republican Senatorial Committee,Organization
Bill Pascrell,Democrat
Ron Amstutz,Republican
Republican National Committee,Organization
Steve Rothman,Democrat
Dan Forest,Republican
Kathleen Vinehout,Democrat
Committee for Florida's Education,Organization
Bill Nelson,Democrat
Tim Grendell,Republican
Joe Roman,Person
Evan Jenkins,Person
American Crossroads,Organization
Frank Lautenberg,Democrat
Tim Pawlenty,Republican
Mark Warner,Democrat
Ryan Lizza,Person
Ron Dermer,Political
Danny Tarkanian,Republican
Eric Johnson,Person
Tomorrow's Vision of Florida,Democrat
DuBose Porter,Democrat
Ronnie Earle,Democrat
Patricia Fahy,Democrat
Randy Forbes,Republican
Robert Hurt,Republican
Travis Allen,Republican
John Currie,Democrat
Barry Smitherman,Republican
John Robitaille,Republican
William O'Brien,Republican
Julian Assange,Person
Stuart Sternberg,Person
Steve Buckstein,Journalist
Michael Turner,Republican
Michelle Obama,Democrat
Charles Schumer,Democrat
Nancy Nusbaum,Democrat
Mike Huckabee,Republican
Robert Gibbs,Democrat
Karen Huber,Democrat
A C Wharton,Democrat
Kirk Watson,Democrat
David Bowen,Democrat
John Barrasso,Republican
Devin Nunes,Republican
Bill McCollum,Republican
We Are Wisconsin,Organization
Nelson Wolff,Democrat
Jim Justice,Republican
Chris Moews,Democrat
Van Jones,Democrat
Matt Lundy,Democrat
Pat Robertson,Republican
James Langevin,Democrat
Janet Adkins,Republican
John Kirby,Democrat
John Kitzhaber,Democrat
Brigid Shea,Democrat
Raphael Warnock,Person
Delaine Eastin,Democrat
Florida Education Association,Organization
Jim Marston,Organization
Jon Husted,Republican
Richard Codey,Democrat
John Lewis,Democrat
Civitas Institute,Organization
Republican Party of Florida,Organization
Carolyn Medeiros,Journalist
Chris Larson,Democrat
Akbar Al Baker,Person
Helen Glover,Journalist
PlantsNeedCO2.org,Organization
Peter King,Republican
Steve Lonegan,Republican
Tony Evers,Democrat
Roy Cooper,Democrat
Jim Kenney,Democrat
Progressive Change Campaign Committee and Democracy for America,Organization
Donald Carcieri,Republican
Matt Wingard,Republican
Jon Richards,Democrat
Jeff Stone,Republican
Peter Roskam,Republican
Ron Stephens,Republican
Lisa Blais,Political
Mark Pocan,Democrat
Tom Price,Republican
Sondy Pope,Democrat
Karen Lewis,Person
Elijah Cummings,Democrat
Jon Erpenbach,Democrat
President Trump's lawyers,Republican
House Natural Resources Committee Republicans,Organization
Jon Huntsman,Republican
Boyd Richie,Democrat
John Cornyn,Republican
Ann Wagner,Republican
Mike Pence,Republican
Jerry Brown,Democrat
Robert Gates,Republican
Jeff Fitzgerald,Republican
Pat Boone,Person
Kathleen Falk,Democrat
Virginia Tea Party Patriots,Organization
Doug Whitsett,Republican
Ron Klein,Democrat
Silvestre Reyes,Democrat
Conservative Solutions PAC,Organization
Wisconsin Manufacturers and Commerce,Organization
Laurence Ehrhardt,Republican
True The Vote,Organization
Freedom PAC,Republican
Richard Cordray,Democrat
Brian Wilson,Person
Gwen Graham,Democrat
Texas Public Policy Foundation,Organization
Rob Turner,Republican
Jay Webber,Republican
Seth Magaziner,Democrat
John Oliver,Person
Matthew Dowd,Political
Bill Flores,Republican
Danielle Pletka,Person
Jon Kyl,Republican
Frank Caprio,Democrat
Pete Hoekstra,Republican
Reince Priebus,Republican
Austan Goolsbee,Democrat
André Carson,Democrat
Dana Loesch,Person
Juan Williams,Democrat
Glenn Grothman,Republican
Lisa Moore,Person
Cory Booker,Democrat
Mark Udall,Democrat
Angus King,Political
Richard Clarke,Democrat
Kendrick Meek,Democrat
David Stockman,Republican
Jack Hanna,Person
Michael Adams,Person
Daniel McKee,Democrat
David Gregory,Person
Ralph Mollis,Democrat
Joni Ernst,Republican
Donna Brazile,Democrat
Rahm Emanuel,Democrat
Rebecca Kleefisch,Republican
Jorge Elorza,Democrat
Jim DeMint,Republican
Adam Kinzinger,Republican
Bob Kincaid,Democrat
John Chiang,Democrat
"Vincent """"Buddy"""" Cianci",Political
American Petroleum Institute,Organization
Nicholas Mattiello,Democrat
Chris Ruddy,Person
Committee of Austin's Children PAC,Organization
Edward Snowden,Political
Brit Hume,Person
Anne Nolan,Organization
Atlanta Sports Council,Organization
Eric Fehrnstrom,Republican
Gary George,Democrat
Bruce Braley,Democrat
Joe Manchin,Democrat
Daniel Harrop,Republican
Jennifer Granholm,Democrat
William G. Batchelder,Republican
Lars Larson,Person
Bill Maher,Political
Sean Duffy,Republican
Sameh Shoukry,Political
League of Women Voters of the Austin Area,Organization
Sylvia Romo,Democrat
Mike Rogers,Republican
Ernest Almonte,Political
James O'Neil,Democrat
Julie Pace,Journalist
Gary Chiusano,Republican
Peggy Noonan,Person
Paul Mango,Republican
Kent Conrad,Democrat
Lenny Curry,Republican
Dick Armey,Republican
Marsha Blackburn,Republican
Bobby Jindal,Republican
Paul Manafort,Republican
Gary Sasse,Journalist
Katrina vanden Heuvel,Person
Paul Soglin,Democrat
Zell Miller,Democrat
David Axelrod,Democrat
Mary Jordan,Person
Karl Rove,Republican
Scott Pruitt,Republican
Catherine Taylor,Republican
Rose Mary Grant,Person
Cormick Lynch,Republican
Bill Clinton,Democrat
Rob Moshein,Democrat
Lindsey Graham,Republican
EnergyCitizens.org,Organization
Chris Van Hollen,Democrat
Education Action Group,Organization
Laura Tyson,Democrat
Markos Moulitsas,Person
Bob Corker,Republican
Jonathan Turley,Person
Gail Collins,Journalist
Carl Lewis,Democrat
National Republican Congressional Committee,Organization
Robin Vos,Republican
Volusia County Republican Party,Republican
Steven King,Person
Kay Bailey Hutchison,Republican
Gregory J. Costantino,Democrat
Michelle Wolf,Person
Christine Lagarde,Republican
Arianna Huffington,Person
Paul Wolfowitz,Person
Peter Morici,Person
Andrew Gillum,Democrat
Chuck Hagel,Republican
Christina Romer,Democrat
Jeff Greene,Democrat
Al Gore,Democrat
Vincent Prieto,Democrat
William Howell,Republican
Doris Kearns Goodwin,Person
Dave Yost,Republican
Scott Brown,Republican
Gary Johnson,Political
Scott DesJarlais,Republican
Chris Gregoire,Democrat
Steve Case,Political
Richard Licht,Democrat
Tim Murphy,Republican
Kevin O'Toole,Republican
Bob Seger,Person
Jerry Patterson,Republican
Sal Albanese,Democrat
Arnold Schwarzenegger,Republican
Arne Duncan,Democrat
Chris Coons,Democrat
Chris Wallace,Person
Trey Gowdy,Republican
Deval Patrick,Democrat
Stephen Hayes,Person
Abel Collins,Political
Michael Riley,Republican
Marc Morial,Democrat
Robin Wright,Person
Joe Walsh,Republican
Lou Greenwald,Democrat
Charlie Hales,Democrat
Jay Inslee,Democrat
Kurt Schaefer,Republican
Carl Paladino,Republican
Edward Markey,Democrat
Alex Mooney,Republican
Julián Castro,Democrat
Caroline Casagrande,Republican
Gene Sperling,Democrat
Kurt Schrader,Democrat
Jim Taricani,Journalist
Craig Thompson,Person
Kelly Ayotte,Republican
Teresa Ghilarducci,Person
James Lankford,Republican
Mike Lee,Republican
Brian Robinson,Republican
Ben Cardin,Democrat
David Plouffe,Democrat
Robert Barber,Journalist
Bill Gates,Person
Wesley Clark,Democrat
Steve McQueen,Person
Rex Tillerson,Person
World Food Program,Organization
Dave Weldon,Republican
Clay Pell,Democrat
Mike Mullen,Person
Bob Graham,Democrat
Kamala Harris,Democrat
Dorothy Brown,Democrat
Lamar McKay,Organization
Joe Straus,Republican
Colin Powell,Republican
Chris Dodd,Democrat
Jeff Brandes,Republican
Jamie Oliver,Person
Steve Southerland,Republican
Jeff Kottkamp,Republican
Shaun Donovan,Democrat
Dan Gelber,Democrat
Kelli Ward,Republican
Tavis Smiley,Person
Chuck Todd,Person
Raul Labrador,Republican
Jim Doyle,Democrat
Kirsten Powers,Democrat
Donald Trump Jr.,Republican
Jim Sensenbrenner,Republican
Jack Reed,Democrat
Terry Katsma,Republican
Gordon Hintz,Democrat
Carl Levin,Democrat
Frederica Wilson,Democrat
Claire McCaskill,Democrat
Lee Camp,Person
Mike Collier,Democrat
Jim Webb,Democrat
Ken Paxton,Republican
John Kennedy,Democrat
Josh Fox,Person
Ross Douthat,Person
John McKeon,Democrat
Stephanie Cutter,Democrat
Susana Mendoza,Democrat
Bob Barr,Political
Laura Ingraham,Republican
New Hampshire Democratic Party,Democrat
MoveOn.org,Organization
Henry Kissinger,Republican
Joe Leibham,Republican
Greg Gutfeld,Political
West Virginia Republican Party,Republican
David Rible,Republican
Pat McCrory,Republican
Dan Kaufman,Person
Michael Steele,Republican
Corey Stewart,Republican
Stacey Evans,Democrat
Don Lemon,Journalist
Thomas Lindsay,Person
Ruben Hinojosa,Democrat
Florida Conservation Alliance,Organization
Susan Collins,Republican
Gwen Moore,Democrat
A.J. Jacobs,Person
Jack Conners,Person
Ian Bremmer,Person
Jeff Weems,Democrat
Patrick Morrisey,Republican
James Crowley,Journalist
Michael Moore,Person
Jody Conradt,Person
Jim Moran,Democrat
Bob Latta,Republican
Thomas Perez,Democrat
Mike DeWine,Republican
The Associated Press,Organization
Jeff Tittel,Person
Nan Rich,Democrat
Association of Mature American Citizens,Organization
Shirley Franklin,Democrat
Brian Kolb,Republican
Tim Canova,Democrat
Cathie Adams,Republican
Carlos Lopez-Cantera,Republican
Beto O'Rourke,Democrat
Matt Flynn,Person
Leon Young,Democrat
Jenna Fischer,Person
Carlos Beruff,Republican
Al Jazeera America,Organization
Paul Stekler,Person
John Wisniewski,Democrat
"Kernan """"Kerry"""" King",Republican
Rhode Island Center for Freedom and Prosperity,Organization
John Cox,Republican
Terri Lynn Land,Republican
Rob Wittman,Republican
Susan Stimpson,Republican
Rick Kriseman,Democrat
Brent Barton,Democrat
Adam Putnam,Republican
AFSCME,Organization
Keith Stokes,Person
New Jersey Democratic State Committee,Democrat
Bill Richardson,Democrat
Jeanine Pirro,Republican
Dan Ramos,Democrat
John Calipari,Person
E.W. Jackson,Republican
Armond Budish,Democrat
Lee Leffingwell,Democrat
Mike Villarreal,Democrat
Mark Harris,Democrat
Wes Riddle,Republican
Eva Longoria,Person
Babur Lateef,Democrat
Angela Bean,Republican
Jefferson Smith,Democrat
Sally Bethea,Person
Peter Barca,Democrat
Suzanne Bonamici,Democrat
Debra Medina,Republican
Victoria Jackson,Republican
C.W. Bill Young,Republican
Sylvester Turner,Democrat
Talgo Inc.,Organization
Bono,Person
Marie Ghazal,Journalist
Kasim Reed,Democrat
Matt Patten,Democrat
Gary Kelly,Person
Penny Pritzker,Democrat
Hillsborough Area Regional Transit,Organization
Vicky Hartzler,Republican
Chris Collins,Republican
Tom Kean Jr.,Republican
Steve LaTourette,Republican
Raymond Lesniak,Democrat
Robert Menendez,Democrat
Lois Frankel,Democrat
Joseph Trillo,Republican
Republican Party of Texas,Republican
Kinky Friedman,Democrat
Friends of India Point Park,Organization
Hank Johnson,Democrat
Barbara Buono,Democrat
Todd Wilcox,Republican
Americans for Prosperity,Organization
Jay Carney,Democrat
John Charles,Political
Defenders of Wildlife Action Fund,Organization
Kellyanne Conway,Republican
Meg Whitman,Republican
Andy Duyck,Person
Eugene McKenna,Journalist
Johnny Isakson,Republican
Georgia State Road and Tollway Authority,Organization
Matt Adamczyk,Republican
Thom Hartmann,Person
Luis Alejo,Democrat
Michael Burgess,Republican
Joe Garcia,Democrat
Anitere Flores,Republican
Jonathan Boucher,Democrat
Dick Morris,Person
Barry DuVal,Organization
Katrina Shankland,Democrat
Tom Barrett,Democrat
Penny Bernard Schaber,Democrat
Tim Sheehy,Person
Wisconsin Department of Transportation,Organization
Bobby Scott,Democrat
Jesse Ventura,Political
Sheila Harsdorf,Republican
Allen Andrews,Republican
Grover Fugate,Democrat
George Takei,Person
Rodney Frelinghuysen,Republican
Barbara Sharief,Democrat
Martavius Jones,Democrat
Mike Prendergast,Republican
Anita Perry,Republican
Lee Holloway,Person
Mike Haridopolos,Republican
John Loughlin,Republican
Jon Bramnick,Republican
Tom Graves,Republican
David Alameel,Democrat
Heather Fiorentino,Republican
Celia Israel,Democrat
Franklin Sands,Democrat
Glenford Shibley,Republican
Roy Barnes,Democrat
Empower Texans,Organization
Trent Franks,Republican
Rodney Ellis,Democrat
Starbucks,Organization
Stephen Fincher,Republican
Andy Berke,Democrat
Jacqueline Collins,Democrat
Rob Astorino,Republican
Patrick Kennedy,Democrat
Charles Perry,Republican
Oregon Education Association,Organization
Virginia Education Association,Organization
Earl Blumenauer,Democrat
Bob Goodlatte,Republican
Laurence Tribe,Person
Dan Gecker,Democrat
Ocean State Policy Research Institute,Organization
Thomas Sgouros Jr.,Journalist
Lainey Melnick,Democrat
Joseph Crowley,Democrat
Paul Sadler,Democrat
Shelly Moore,Democrat
Ann Marie Buerkle,Republican
Ryan Zinke,Republican
Robert Duffy,Democrat
Mike Dovilla,Republican
Ben Affleck,Democrat
Scott Suder,Republican
Sam Adams,Democrat
Bob Buckhorn,Democrat
Ken Mercer,Republican
Organizing for Action,Democrat
Donna Nesselbush,Democrat
Becky Moeller,Democrat
Kay Hagan,Democrat
Kevin Nicholson,Person
Americans United for Change,Organization
Ted Kanavas,Republican
Bill Haslam,Republican
Michael Chippendale,Republican
Pete Sessions,Republican
Ohio Republican Party,Republican
Gene McIntyre,Organization
Diane Black,Republican
Eva Marie Mancuso,Person
Kevin Cramer,Republican
Rhode Island Retirement Security Coalition,Organization
Rana Foroohar,Person
Roman McAllen,Democrat
Anthony Brindisi,Democrat
Andrew White,Democrat
Democratic Governors Association,Organization
Nicholas Kettle,Republican
Kim Simac,Republican
Jerry Jones,Person
Ted Lieu,Democrat
AFSCME People,Organization
Stephen Laffey,Republican
"Our City, Our Safety, Our Choice",Organization
Todd Starnes,Person
BikePortland.org,Organization
Larry Kilgore,Republican
Don Gaetz,Republican
Charlie Justice,Person
Chris Abele,Democrat
Bob Casey,Democrat
Gerard Robinson,Republican
Carlos Curbelo,Republican
Steve Moore,Person
John Taylor,Republican
Jeff Merkley,Democrat
John Oxendine,Republican
Duane Hall,Democrat
Rhode Island Tea Party,Organization
Foundation for Florida's Future,Republican
William Barber,Person
" Red, White and Blue Fund",Organization
U.S. Chamber of Commerce,Organization
James Durkan,Republican
James Tedisco,Republican
Dave Hansen,Democrat
Gene Green,Democrat
Alan Simpson,Republican
Kip Kendrick,Democrat
Erick Erickson,Person
Alexi Giannoulias,Democrat
Frank Wolf,Republican
Paul Broun,Republican
Scott Hochberg,Democrat
Presente.org,Organization
Alan Krueger,Democrat
Bill Proctor,Republican
Beverly Hall,Person
Sly James,Political
Carlos Trujillo,Republican
Larry Kudlow,Republican
Florida Chamber of Commerce,Organization
Cynthia Lummis,Republican
Michael Long,Person
Bill de Blasio,Democrat
Christopher Peace,Republican
Mary Nolan,Democrat
Mayors Against Illegal Guns,Organization
Melissa Melendez,Republican
Alisha Thomas Morgan,Democrat
Georgia Department of Economic Development,Organization
Oregon Senate Republicans (The Leadership Fund),Organization
Texas Campaign for the Environment,Organization
Mike Huebsch,Republican
Jacky Rosen,Democrat
JB Pritzker,Democrat
Mike Romano,Democrat
Amanda Fritz,Democrat
Tom Toles,Person
Melvin Sickler,Organization
Maurice Ferre,Democrat
Providence City Council,Organization
Bob Beckel,Democrat
Michael Thurmond,Democrat
Marina Dimitrijevic,Person
Mike Bodker,Person
Jeff Flake,Republican
Carolyn Maloney,Democrat
Greg Morris,Person
Michael Rosen,Person
Nancy Jester,Person
Robert DiMuccio,Journalist
American Bridge 21st Century,Organization
Jennifer Beck,Person
Paul Babeu,Republican
Anna Kooiman,Person
Keep Conservatives United,Republican
Randy Neugebauer,Republican
Nicholas Kristof,Person
Ilhan Omar,Person
Kathleen Ford,Democrat
Ronald Rice,Democrat
Great America PAC,Organization
Gavin Newsom,Democrat
Evan Bayh,Democrat
Mike Martinez,Democrat
Rick Baker,Person
Bruce Starr,Republican
The Commonwealth Institute,Organization
Maxey Scherr,Democrat
Louise Slaughter,Democrat
Janet Mitchell,Person
John Tassoni Jr.,Democrat
Jeb Hensarling,Republican
Ben Sasse,Republican
Dan Coats,Republican
Ted Nugent,Republican
Steve Brown,Republican
Kathy Hochul,Democrat
Janet Bewley,Democrat
Bob Marshall,Republican
Patrick McKenna,Person
Brad Schneider,Democrat
National Taxpayers Union,Organization
John Humphries,Person
Peter DeFazio,Democrat
Dana Young,Republican
Grover Norquist,Republican
Betty Sutton,Democrat
Jeanne Ives,Republican
Tom Nelson,Democrat
Joe Lieberman,Political
Wisconsin Professional Police Association,Organization
Kevin Boyce,Democrat
Stacey Campfield,Republican
Mark Sanford,Republican
Vernon Jones,Democrat
Lynn Westmoreland,Republican
Pete Buttigieg,Democrat
Michael Sullivan,Republican
Roman Prezioso,Democrat
Jack Ohman,Person
Tom DeLay,Republican
David McKinley,Republican
Amalgamated Transit Union,Organization
Mark Begich,Democrat
Michael Reagan,Republican
Ramey Ko,Democrat
Luis Gutierrez,Democrat
Harold Metts,Democrat
Connie Mack,Republican
Saxby Chambliss,Republican
Joe Barton,Republican
Tobias Read,Democrat
National Association of Manufacturers,Organization
Matt Gaetz,Republican
Peter Kinder,Republican
Michael Roberson,Republican
Pat Carlson,Republican
Mark Critz,Democrat
Tom Pauken,Republican
Oklahoma Council of Public Affairs,Organization
Hagar Chemali,Person
Jim Steineke,Republican
Erika Sanzi,Person
John Mica,Republican
Joe Cunningham,Democrat
Bill Seitz,Republican
David Perdue,Republican
Glenn Nye,Democrat
Unite Here Florida PAC,Organization
Virginia Senate Democratic Caucus,Democrat
Will Weatherford,Republican
Don Beyer,Democrat
Thomas Croci,Republican
Ovide Lamontagne,Republican
Tammy Duckworth,Democrat
National Education Association,Organization
Joseph Kyrillos,Republican
Corrine Brown,Democrat
Scott Perry,Republican
Jesse Kremer,Person
Bob Gibbs,Republican
Don Willett,Republican
For Our Daughters RI,Organization
Shawn Lindsay,Republican
Alison Littell McHose,Republican
Duffel Blog,Organization
Glenn Greenwald,Person
Kate Obenshain,Republican
Shenggen Fan,Person
Joe Atkins,Democrat
John Barge,Republican
Neil Cavuto,Person
Shelley Moore Capito,Republican
Eric Greitens,Republican
Kevin Coughlin,Republican
Joseph Cryan,Democrat
John Carter,Republican
Dawson Hodgson,Republican
Jeff Morales,Person
Callista Gingrich,Republican
Ted Gatsas,Republican
Mark Johnson,Person
Glenn Hegar,Republican
Stacy White,Republican
Marcia Fudge,Democrat
Richard Shelby,Republican
Tennessee Democratic Party,Democrat
Robert Singer,Republican
Mark Neumann,Republican
Joe Theismann,Person
Ron Davis,Democrat
Barbara Cargill,Republican
Brian Deese,Democrat
Portland Association of Teachers,Organization
Regina Benjamin,Person
Dennis Algiere,Republican
Gerald Daugherty,Republican
Evan Goyke,Democrat
Georgia Department of Transportation,Organization
Mark Miller,Democrat
Georgia Farm Bureau,Organization
Thurbert Baker,Democrat
J.D. Alexander,Republican
Jon Keyser,Republican
Maurice Thompson,Person
Alex McMurtrie Jr.,Democrat
Tim Ryan,Democrat
Jeff Miller,Republican
Mike Collins,Republican
Pamela Geller,Person
Represent.us,Organization
Terry Gorman,Journalist
Josh Hawley,Republican
Dave Hunt,Democrat
Mike Polensek,Democrat
Rebecca Blank,Democrat
Kitty Rhoades,Person
Jim Petro,Republican
Ro Khanna,Democrat
Sheila Jackson Lee,Democrat
Richard Burr,Republican
Democratic Party of Virginia,Democrat
Sid Miller,Republican
Ron Wyden,Democrat
Steven Landes,Republican
Credo Action,Organization
Restore Our Future,Organization
Jay Goyal,Democrat
Greg Steube,Republican
Donna Garner,Republican
Michelle Rehwinkel Vasilinda,Democrat
Missouri Department of Economic Development,Organization
Joe Pitts,Republican
Helio Melo,Democrat
Kris Jordan,Republican
Chris Koster,Democrat
Carly Fiorina,Republican
David Pepper,Democrat
Jodie Laubenberg,Republican
Mick Mulvaney,Republican
Edward Flynn,Person
Libertarian Party of Georgia,Organization
Deborah Ross,Democrat
Steve Doell,Journalist
David Lewis,Republican
David Caton,Republican
Tony Thurmond,Democrat
Woody Degan,Republican
Associated Industries of Florida,Organization
Bill Ratliff,Republican
Lisa Tomasso,Democrat
Van Taylor,Republican
Craig James,Republican
Erin Lynch,Democrat
James Florio,Democrat
Keith Olbermann,Person
Special Operations OPSEC Education Fund,Organization
NumbersUSA,Organization
Louie Gohmert,Republican
Chris Sgro,Democrat
Mike Foley,Democrat
Patty Judge,Democrat
Phil Gingrey,Republican
NowThis,Organization
John Watson,Person
Gus Bilirakis,Republican
Next Generation Climate Action Committee,Organization
Kathleen Angelucci,Republican
Brahma Chellaney,Person
Steve Oroho,Republican
Ron DeSantis,Republican
Virginia Lottery,Organization
Steven Frias,Republican
Freedom Partners,Organization
Dan McCready,Democrat
Scott Surovell,Democrat
SEIU,Organization
Delia Lopez,Republican
John Boccieri,Democrat
Steve Israel,Democrat
Mike Plant,Person
Mike Hymes,Democrat
Christine Hallquist,Democrat
Tom Ganley,Republican
Tom Petri,Republican
Peter Palumbo,Democrat
Al Sharpton,Democrat
Christine Quinn,Democrat
Charles Koch,Person
Ann Coulter,Republican
Jersey Central Power & Light,Organization
America's Natural Gas Alliance,Organization
John Burzichelli,Democrat
Chris Taylor,Person
Robert Bennett,Republican
Donald McEachin,Democrat
Bud Chiles,Political
Tom Harkin,Democrat
Colleen Conley,Political
Gilberto Hinojosa,Democrat
John Elkhay,Journalist
Tom Perriello,Democrat
Steven Costantino,Democrat
Ari Melber,Person
Keith Parker,Person
Gayle Smith,Person
Crystal Quade,Democrat
Andrew Napolitano,Political
Joe Morrissey,Political
Ed Schultz,Democrat
Jason Carter,Democrat
Everytown for Gun Safety,Organization
Ted Poe,Republican
Gretchen Carlson,Person
Heather Beaven,Democrat
John Eaves,Democrat
Wiley Nickel,Democrat
West Virginia Democratic Party,Democrat
Fran Millar,Republican
David Rivera,Republican
Xi Jinping,Political
Kim Guadagno,Republican
Michael Skindell,Democrat
Mark Hass,Democrat
Jim Jordan,Republican
Jay Nixon,Democrat
Megyn Kelly,Person
Ana Navarro,Republican
Duey Stroebel,Republican
ClearPath Action Fund,Organization
Arian Foster,Person
Wayne Smith,Republican
Steve Adler,Democrat
Dan Lucas,Republican
Scott Turner,Republican
Doug Holder,Republican
David Toscano,Democrat
Charlotte Nash,Republican
Our Oregon,Democrat
George P. Bush,Republican
Connie Stokes,Democrat
Mike Turzai,Republican
Senate Democrats,Democrat
Clint Eastwood,Person
Brian Schatz,Democrat
LGBT Progress,Organization
Ted Yoho,Republican
Barbara Lee,Democrat
Chris Redfern,Democrat
Americans For Tax Reform,Organization
Emergency Committee for Israel,Organization
Eddie Rodriguez,Democrat
Jack Berry,Person
John Bel Edwards,Democrat
Texas Association of School Boards,Organization
Ohio Oil and Gas Association,Organization
Texas Department of Transportation,Organization
Georgia Restaurant Association,Organization
Patricia Morgan,Republican
Jim Francesconi,Person
Scott Lingamfelter,Republican
Tom Corbett,Republican
Robin Schimminger,Democrat
Marilinda Garcia,Republican
Peter Nightingale,Journalist
Texas Automobile Dealers Association,Organization
Valarie Wilson,Democrat
Hugh Hewitt,Republican
NARAL Pro-Choice America,Organization
Bill Hightower,Republican
Focus on the Family Action,Organization
Jim Bohl,Person
Oregon Environmental Council-Oregon Business Association,Organization
Dennis Jones,Republican
Sally Kohn,Person
Charlene Lima,Democrat
Sharron Angle,Republican
Renewable Fuels Association,Organization
Environmental Protection Agency,Organization
John Hutson,Person
Chris Dudley,Republican
Scott Bruun,Republican
Morten Jerven,Person
Jon Stewart,Person
Wisconsin Republican Legislative leaders,Republican
Gloria Romero Roses,Democrat
Susan Combs,Republican
Jonathan Steitz,Republican
American LeadHERship PAC,Organization
Kendall Jones,Organization
Federal Transit Administration,Organization
Scott Wagner,Republican
Bruce Hanna,Republican
Mo Brooks,Republican
Robert Hagan,Democrat
Jim Gilmore,Republican
Paul Bettencourt,Republican
Trey Blocker,Republican
Ben Shapiro,Person
Antonin Scalia,Person
Charlie Sykes,Journalist
Milwaukee Police Association,Organization
Ken Plum,Democrat
Jeff Mullis,Republican
Miami Seaport Alliance,Organization
Friends of Plum Beach Lighthouse,Organization
Competitive Enterprise Institute,Organization
Mark Pryor,Democrat
Brian Moran,Democrat
Albio Sires,Democrat
Wisconsin Transportation Builders Association,Organization
Lenar Whitney,Republican
Dan Hegeman,Republican
Ed FitzGerald,Democrat
Benjamin Netanyahu,Political
Richard Ojeda,Democrat
Julie Lassa,Democrat
Monica Wehby,Republican
Robert Chody,Republican
Roger Williams,Republican
Frank Brogan,Republican
Peter Courtney,Democrat
George Barker,Democrat
Josh Earnest,Democrat
Julie Parrish,Republican
Lamar Smith,Republican
Mackubin Thomas Owens,Journalist
Oregon Republican Party,Organization
Chris Chocola,Republican
Ralph Long,Democrat
Bruce Kraus,Democrat
Roberto Alonzo,Democrat
Andre Jacque,Republican
MacIver Institute,Political
Hillary Davis,Organization
Dan Boren,Democrat
Let's Get To Work,Organization
Waco Tea Party,Political
Gil Kerlikowske,Democrat
Anthony Weiner,Democrat
LearnProgress.org,Organization
Jeff Greenfield,Person
Nan Orrock,Democrat
Matt Caldwell,Republican
David Simas,Democrat
Bonnie Reiss,Democrat
Christopher Monckton,Person
Vance Smith,Republican
Gordon Challstrom,Republican
Christine O'Donnell,Republican
Tim Ziemer,Person
Committee for Our Children's Future,Organization
Don Francis,Person
Citizens to Protect Transportation Funding,Organization
Solar Energy Fairness,Organization
New Jersey Education Association,Organization
David Porter,Republican
Jeff Wentworth,Republican
Brian Patrick Kennedy,Democrat
Chelsea Clinton,Democrat
Pete Gallego,Democrat
Phyllis Schlafly,Republican
CNN,Organization
Ed Whitacre,Person
Orrin Hatch,Republican
Sydney Batch,Democrat
Kathleen Connell,Democrat
Gloria Steinem,Person
Brett Hulsey,Democrat
Patti Doyle,Organization
Cathy McMorris Rodgers,Republican
Melissa Sargent,Democrat
Ralph Peters,Political
Sandra Williams,Democrat
Mark Dayton,Democrat
Annise Parker,Democrat
Yvette McGee Brown,Democrat
Cliff Stearns,Republican
Roberta Lange,Democrat
Richard Durbin,Democrat
Diane Savino,Democrat
Texas House Democratic Caucus,Democrat
Fresh Start PA,Democrat
Edward Cox,Republican
Curt Schilling,Person
Chris Telfer,Republican
Florida Badass Teachers Association,Organization
Tina Rosenberg,Person
Barbara Boxer,Democrat
Mary Landrieu,Democrat
Scott Milder,Republican
Luther Strange,Republican
John Pistole,Person
Jeff Denham,Republican
Tom Rooney,Republican
Tavern League of Wisconsin,Organization
Kathie Glass,Political
Bing West,Person
University of Oregon,Organization
Bob Cortes,Republican
Bill Johnson,Republican
Doug Miller,Republican
Tyrone Brooks,Democrat
Allison Tant,Democrat
Chris Clark,Person
Greg Walden,Republican
Patrick Moore,Person
Ileana Ros-Lehtinen,Republican
Michael Williams,Republican
John Lee,Republican
Pew Environment Group,Organization
Lena Taylor,Democrat
Wisconsin Education Association Council,Organization
Joseph McNamara,Democrat
Jay Roberts,Person
Children's Defense Fund-Texas,Organization
Andy Gardiner,Republican
Sher Valenzuela,Republican
Media Matters,Organization
Judd Gregg,Republican
Jon Brien,Democrat
Donna Campbell,Republican
David Miliband,Political
Darrell Issa,Republican
Kevin Flynn,Political
Rod Smith,Democrat
American Energy Alliance,Organization
Bee Moorhead,Democrat
Virginia First Foundation,Organization
Anthony Gemma,Democrat
North Carolina Republican Party,Republican
Nicholas Burns,Person
North Carolina Democratic Party,Organization
Steny Hoyer,Democrat
Andy Puzder,Person
Ertharin Cousin,Democrat
Alliance for America's Future,Organization
Texas Association of Business,Organization
New Jersey Sierra Club,Organization
Mike Fasano,Republican
Christopher Blazejewski,Democrat
Valerie Vainieri Huttle,Democrat
Campaign for Liberty,Organization
Thom Tillis,Republican
James Woods,Person
Bryan Hughes,Republican
Marc Katz,Democrat
Matt Wuerker,Person
Debbie Riddle,Republican
Jim Hightower,Democrat
Virginia Foxx,Republican
Steven Teske,Person
Don Balfour,Republican
Bret Baier,Person
People for the Ethical Treatment of Animals,Organization
USF Divest,Organization
Richard Hudson,Republican
Tom McClintock,Republican
Eric Holcomb,Republican
Mark Assini,Republican
Pat Quinn,Democrat
Travis Rowley,Republican
Randi Weingarten,Person
Eva Galambos,Person
Eric Bolling,Republican
Tom Cole,Republican
Renee Unterman,Republican
Bloomberg.com,Organization
Denise Grimsley,Republican
WrongWayRubio.com,Democrat
Greta Van Susteren,Person
Bill Janis,Republican
Troy Fraser,Republican
Tim Curtis,Democrat
Mary Margaret Oliver,Democrat
Howard Dean,Democrat
Brendan Doherty,Republican
Eugene Robinson,Person
Joe Negron,Republican
Ted Ferrioli,Republican
Jack Lew,Democrat
Doug Otto,Person
Markwayne Mullin,Republican
Sergey Lavrov,Political
Ted Ankrum,Democrat
Steve Troxler,Republican
Diane Ravitch,Journalist
Cheryl Grossman,Republican
Jack Kingston,Republican
Ben Bius,Republican
Donna Seidel,Democrat
Debbie Dooley,Political
Paul Espinosa,Republican
Katrina Pierson,Republican
Eileen Filler-Corn,Democrat
David Rouzer,Republican
Hemant Mehta,Person
Mark Drewniak,Republican
Scott Jones,Republican
Sebastian Gorka,Republican
Steve Scalise,Republican
American Action Network,Organization
Jim Zehringer,Republican
Jamie Radtke,Republican
Wisconsin Freedom Alliance,Organization
Stephen Colbert,Person
Marvin Pratt,Democrat
Andy Brown,Democrat
Kendra Yarbrough Camarena,Democrat
Jeanne Shaheen,Democrat
Joe Heck,Republican
Rashad Taylor,Democrat
Richard Swett,Democrat
Maureen Dowd,Person
John Dennis,Republican
Dale Peterson,Republican
Keith Ellison,Democrat
Bart Stupak,Democrat
Dan Kapanke,Republican
Tim Knopp,Republican
Janet Cruz,Democrat
Steve Crisafulli,Republican
Molly White,Republican
Jim Bridenstine,Republican
Stephen Lisauskas,Journalist
Foundation for a Secure and Prosperous America,Organization
Kevin Reilly,Person
Jim Greer,Republican
Anthony Bucco,Republican
Michael Opitz,Republican
Senate Leadership Fund,Organization
Debbie Stabenow,Democrat
United for a Fair Economy,Organization
Robert Henneke,Organization
Kelly Cassidy,Democrat
Rick North,Journalist
Renee Hoagenson,Democrat
Judicial Watch,Organization
Raul Torres,Republican
Ryan Sitton,Republican
Joseph Andriole,Person
Rudy Moise,Democrat
John Burton,Democrat
Andrea Mitchell,Person
Steve Henson,Democrat
Sandy Pasch,Democrat
Denny Hoskins,Republican
Right to Rise,Organization
Seth Moulton,Democrat
Austin Scott,Republican
Robby Mook,Democrat
James Carville,Democrat
Fred Upton,Republican
Scott McCown,Democrat
Rene Garcia,Republican
Conservative Daily Post,Organization
Jay Hottinger,Republican
Thomas Sowell,Person
Martin Kiar,Democrat
Rob Cornilles,Republican
Patty Murray,Democrat
Martha McSally,Republican
Glen Sturtevant,Republican
Fred Thompson,Republican
Steve Doocy,Journalist
Richard Franklin III,Democrat
Garnet Coleman,Democrat
John G. Edwards,Democrat
Rich Golick,Republican
Colorado Democratic Party,Democrat
Pat Stevens,Person
Minka Kelly,Person
U.S. Census Bureau,Organization
Mothers Against Drunk Driving,Organization
Ted Lyon,Democrat
Howard Marklein,Republican
Robert Jacquard,Democrat
13th District GOP slate,Republican
Wisconsin Assembly Republicans .,Republican
Jan Jones,Republican
Jan Schakowsky,Democrat
Phil Scott,Republican
Mike Parson,Republican
Miro Weinberger,Democrat
Catherine McKenna,Political
Gérard Deltell,Person
Kanye West,Person
Alexander Strenger,Person
JD Wooten,Democrat
Michael Lee,Person
Jagmeet Singh,Democrat
Sue Bell Cobb,Democrat
Andrew Scheer,Political
Tom Wolf,Democrat
Kim Rudd,Political
Joe Kennedy,Democrat
The University of North Carolina Chapel Hill,Organization
Billy Richardson,Democrat
Marco Rubio's heckler,Democrat
Evan Smith,Person
Derrick Crowe,Democrat
Kimberley Strassel,Person
James Risch,Republican
Nate Walker,Republican
Don Huffines,Republican
Tim Moore,Republican
Wick Moorman,Person
John Eichelberger,Republican
Betsy DeVos,Republican
Levar Stoney,Democrat
Elizabeth May,Political
Rick Saccone,Republican
Zephyr Teachout,Democrat
Katie McGinty,Democrat
Fighting for Ohio PAC,Republican
Enterprise Florida,Organization
Ban Ki-moon,Person
Kiki Curls,Democrat
Diane Douglas,Republican
Bill McRaven,Person
Todd Richardson,Republican
Justin Trudeau,Political
Michael Needham,Democrat
Ben Rhodes,Democrat
Kiplinger.com,Organization
Richard Woods,Republican
Joe Pojman,Republican
Tim Lee,Person
Stanley McChrystal,Person
Maria Shriver,Democrat
Rich Lowry,Person
Gary Painter,Republican
Tom Mulcair,Democrat
Jim Lampley,Person
Kathleen Sullivan,Person
Peter Schweizer,Person
Charlie Bethel,Republican
Martin Smith,Person
Karina Wood,Organization
Leonidas Raptakis,Democrat
Jack Keane,Person
GSU Alumni Association,Organization
John Thune,Republican
Amy Klobuchar,Democrat
Stephen Harper,Person
Hank Huckaby,Person
Mike Dudgeon,Republican
Russ Girling,Person
LZ Granderson,Person
Georgians Together,Democrat
Michael Hayden,Political
Jeff Amason,Political
Martha Raddatz,Person
Lon Burnam,Democrat
Larry Elder,Republican
John Padgett,Republican
Mark Emmert,Person
Ending Spending Action Fund,Organization
D’Banj,Person
Jake Tapper,Person
Rula Jebreal,Person
Matt McGrath,Democrat
Charles Krauthammer,Person
Republican Party of Georgia,Republican
Peter Shumlin,Democrat
Brian Kemp,Republican
Kyle Williams,Democrat
Michelle Nunn,Democrat
Bob Cole,Person
Charles Van Zant,Republican
Kesha Rogers,Democrat
John Bolton,Republican
David Ignatius,Person
Steve Forbes,Republican
Andrea Tantaros,Republican
Chris Murphy,Democrat
Bob Schieffer,Journalist
Steve Leslie,Person
Public comments at a Common Core hearing,Organization
Sandra Stotsky,Person
George Lavender,Republican
Larry Valencia,Democrat
Pam Bondi,Republican
Kal Penn,Democrat
Chris Devaney,Republican
Vincent Fort,Democrat
Georgia Green Party,Organization
Austin Fund for Quality Healthcare,Organization
Ron Ramsey,Republican
Mike Schaufler,Democrat
Myra Crownover,Republican
John Duncan,Republican
Leon Panetta,Democrat
Nick Tsiongas,Journalist
Matt Wand,Republican
Ash Williams,Person
Wisconsin Sierra Club,Organization
Chris Widener,Republican
Jack Latvala,Republican
Steve Ogden,Republican
John Thrasher,Republican
Kathie Tovo,Democrat
Rick Hardcastle,Republican
Chris Dorworth,Republican
Joaquin Castro,Democrat
Jimmie Don Aycock,Republican
David Prosser,Person
Stephen Wise,Person
Thad Altman,Republican
Ohio Coal Association,Organization
Tom Niehaus,Republican
Stefani Carter,Republican
Betty McCollum,Democrat
Michelle Rhee,Democrat
Dwight Jones,Democrat
Mt. Hood Community College,Organization
George W. Bush,Republican
Portland Community College,Organization
Jim Sullivan,Democrat
Franklin Graham,Person
George Packer,Person
Carol Browner,Democrat
Timothy Geithner,Political
Barney Frank,Democrat
Elena Kagan,Democrat
Bill Clegg,Republican
Scott Maddox,Democrat
Patrick Leahy,Democrat
John Murtha,Democrat
Mary Matalin,Person
Lou Dobbs,Republican
Michelle Malkin,Person
Kimberly Guilfoyle,Republican
Chuck Grassley,Republican
Fred Smith,Person
Pat Roberts,Republican
Spencer Bachus,Republican
Brian Schweitzer,Democrat
Jerome R. Corsi,Political
John Edwards,Democrat
Mike Gravel,Political
